student_id,college,gpa,year_of_study,enrollment_status
STU01502,Science,2.7,3,Full-time
STU02587,Arts,1.68,1,Full-time
STU02654,Science,1.63,1,Full-time
STU01056,Business,2.38,1,Full-time
STU00706,Science,3.97,2,Full-time
STU00107,Arts,2.53,1,Full-time
STU00590,Science,1.88,2,Part-time
STU02469,Engineering,2.69,2,Full-time
STU02414,Science,1.57,3,Full-time
STU01601,Engineering,1.98,2,Full-time
STU02465,Engineering,3.05,3,Full-time
STU00229,Engineering,3.73,4,Part-time
STU00916,Business,2.59,2,Full-time
STU00795,Arts,1.55,2,Full-time
STU03022,Science,2.58,4,Full-time
STU03544,Business,2.36,4,Full-time
STU01074,Science,1.54,2,Full-time
STU03352,Business,2.56,4,Full-time
STU01745,Engineering,2.54,4,Full-time
STU01085,Engineering,3.86,1,Full-time
STU00927,Arts,2.17,2,Full-time
STU03050,Science,2.16,1,Full-time
STU01118,Science,3.69,2,Full-time
STU00643,Arts,2.03,1,Full-time
STU04768,Business,1.74,2,Full-time
STU00502,Science,2.84,2,Full-time
STU04067,Arts,1.81,1,Full-time
STU00334,Science,1.79,1,Part-time
STU04685,Engineering,3.44,2,Full-time
STU00487,Arts,1.61,4,Full-time
STU01963,Arts,3.6,1,Full-time
STU00394,Science,3.44,3,Full-time
STU04843,Arts,2.38,1,Full-time
STU04867,Arts,2.39,3,Full-time
STU01756,Business,3.5,3,Full-time
STU02516,Business,3.82,3,Full-time
STU03586,Science,2.32,1,Full-time
STU04316,Business,1.94,2,Full-time
STU04967,Arts,3.92,3,Full-time
STU02100,Business,2.49,3,Full-time
STU03600,Business,3.15,2,Part-time
STU04122,Science,2.81,3,Full-time
STU00030,Science,1.62,2,Full-time
STU00066,Science,2.86,3,Part-time
STU00839,Arts,2.95,1,Full-time
STU03907,Arts,2.79,3,Full-time
STU03774,Science,3.33,4,Full-time
STU04636,Business,3.88,2,Full-time
STU03162,Science,1.55,3,Full-time
STU02660,Business,3.14,1,Full-time
STU04616,Business,2.29,2,Full-time
STU04629,Engineering,3.11,2,Full-time
STU02452,Business,3.92,1,Full-time
STU02847,Arts,3.47,2,Full-time
STU01145,Engineering,2.17,3,Full-time
STU03079,Arts,1.89,3,Full-time
STU01104,Business,3.82,1,Full-time
STU00169,Engineering,1.6,3,Part-time
STU01671,Arts,2.45,2,Full-time
STU02571,Arts,2.51,4,Part-time
STU02378,Science,3.47,3,Full-time
STU04396,Business,3.61,3,Full-time
STU04258,Science,2.63,2,Full-time
STU03863,Arts,2.43,1,Full-time
STU00024,Business,2.42,1,Full-time
STU02634,Science,1.92,1,Full-time
STU03341,Engineering,3.72,1,Part-time
STU02216,Business,2.26,2,Full-time
STU03683,Arts,3.43,1,Full-time
STU04725,Engineering,2.05,4,Full-time
STU01908,Business,2.42,4,Full-time
STU00085,Engineering,2.28,4,Full-time
STU00228,Business,2.48,1,Full-time
STU00297,Engineering,3.42,1,Part-time
STU01002,Science,2.85,3,Full-time
STU02139,Arts,1.97,2,Full-time
STU00712,Business,2.99,4,Full-time
STU02802,Science,3.77,4,Full-time
STU02528,Business,3.89,2,Part-time
STU03753,Engineering,2.28,2,Part-time
STU03322,Science,1.67,4,Full-time
STU03182,Science,2.22,2,Part-time
STU04184,Business,2.29,4,Full-time
STU01616,Business,3.17,3,Full-time
STU03025,Engineering,1.64,4,Full-time
STU01414,Science,1.64,1,Full-time
STU00764,Business,3.36,2,Full-time
STU00656,Business,1.82,1,Full-time
STU04798,Science,3.46,3,Full-time
STU03850,Science,1.67,3,Part-time
STU04154,Science,2.39,3,Full-time
STU00469,Engineering,2.06,3,Full-time
STU00158,Science,3.4,1,Full-time
STU01296,Business,2.0,1,Full-time
STU00498,Science,1.69,4,Full-time
STU04741,Engineering,3.3,2,Full-time
STU02941,Engineering,2.16,3,Full-time
STU03457,Engineering,2.75,1,Full-time
STU00374,Science,3.21,2,Part-time
STU00080,Business,1.79,4,Full-time
STU01554,Science,3.71,2,Full-time
STU01670,Science,3.54,4,Full-time
STU02132,Business,1.53,4,Full-time
STU04440,Business,2.1,3,Full-time
STU00466,Science,2.44,3,Full-time
STU00249,Engineering,3.91,1,Full-time
STU00932,Business,3.59,1,Full-time
STU01336,Business,3.13,2,Full-time
STU04525,Engineering,3.53,2,Full-time
STU01339,Arts,1.68,1,Part-time
STU01407,Arts,3.61,3,Full-time
STU01091,Arts,3.86,3,Full-time
STU04210,Science,1.64,3,Full-time
STU00743,Arts,3.37,3,Full-time
STU02324,Business,2.27,4,Full-time
STU03602,Science,2.93,2,Part-time
STU02124,Business,2.54,4,Full-time
STU02095,Arts,2.22,1,Full-time
STU00241,Engineering,3.85,1,Full-time
STU02352,Business,3.78,2,Part-time
STU01371,Arts,3.93,3,Part-time
STU01058,Science,2.5,3,Full-time
STU04817,Engineering,3.77,3,Full-time
STU00200,Business,3.45,4,Full-time
STU02281,Engineering,2.14,3,Full-time
STU04750,Science,3.51,1,Part-time
STU02221,Engineering,3.26,2,Full-time
STU04772,Business,2.51,3,Full-time
STU02820,Business,2.39,4,Full-time
STU03151,Arts,3.08,4,Part-time
STU04257,Engineering,3.99,2,Full-time
STU03108,Business,1.52,3,Part-time
STU01974,Science,2.8,3,Full-time
STU01376,Business,3.68,4,Full-time
STU03969,Engineering,2.97,2,Full-time
STU04063,Arts,3.41,2,Part-time
STU04446,Science,3.95,4,Full-time
STU03558,Science,2.72,2,Part-time
STU00965,Engineering,2.22,2,Part-time
STU00180,Business,1.84,3,Full-time
STU03699,Arts,3.83,2,Full-time
STU03822,Science,2.41,4,Full-time
STU04879,Arts,2.41,1,Full-time
STU03900,Business,3.61,4,Full-time
STU04488,Business,2.39,4,Full-time
STU03239,Arts,3.04,3,Full-time
STU02975,Arts,2.46,4,Full-time
STU03581,Engineering,2.71,1,Part-time
STU02888,Business,2.52,2,Part-time
STU02576,Business,3.1,4,Full-time
STU01420,Business,3.83,3,Full-time
STU03908,Business,2.27,1,Full-time
STU04674,Science,1.78,4,Part-time
STU04903,Arts,1.81,1,Full-time
STU01861,Engineering,3.44,1,Full-time
STU00009,Engineering,3.0,3,Full-time
STU02895,Arts,1.88,4,Full-time
STU02848,Business,2.13,4,Part-time
STU03665,Engineering,2.88,1,Full-time
STU00145,Engineering,2.21,4,Full-time
STU02105,Engineering,3.48,2,Full-time
STU03144,Business,2.85,1,Part-time
STU00842,Science,3.16,2,Full-time
STU01129,Engineering,2.43,4,Full-time
STU00152,Business,2.1,2,Full-time
STU03592,Business,1.94,4,Full-time
STU01053,Engineering,3.85,2,Full-time
STU01591,Arts,3.23,4,Full-time
STU03009,Engineering,3.19,4,Full-time
STU02030,Science,3.14,4,Part-time
STU03419,Arts,2.08,4,Full-time
STU01808,Business,1.96,4,Full-time
STU02697,Engineering,3.19,1,Full-time
STU03040,Business,2.8,2,Full-time
STU00473,Engineering,1.61,4,Full-time
STU03290,Science,2.01,3,Full-time
STU04075,Arts,3.21,4,Full-time
STU03497,Engineering,3.66,3,Part-time
STU00280,Business,3.49,2,Full-time
STU01742,Science,3.33,4,Full-time
STU04625,Engineering,3.86,4,Full-time
STU02887,Arts,2.77,3,Full-time
STU01942,Science,2.34,2,Full-time
STU00101,Engineering,1.58,2,Full-time
STU02805,Engineering,2.8,1,Full-time
STU03571,Arts,2.28,2,Full-time
STU03685,Engineering,3.19,2,Full-time
STU03662,Science,2.75,2,Full-time
STU00531,Arts,3.53,1,Full-time
STU01887,Arts,1.52,2,Part-time
STU00682,Science,2.14,3,Full-time
STU03795,Arts,1.58,2,Full-time
STU03945,Engineering,1.75,2,Full-time
STU04667,Arts,1.76,1,Part-time
STU02019,Arts,1.55,1,Full-time
STU01097,Engineering,2.05,4,Full-time
STU00830,Science,2.63,3,Full-time
STU02806,Science,3.94,2,Full-time
STU03830,Science,2.05,2,Full-time
STU04382,Science,1.68,3,Full-time
STU03892,Business,2.83,4,Full-time
STU00765,Engineering,1.58,3,Full-time
STU02768,Business,2.1,3,Full-time
STU04329,Engineering,1.72,1,Full-time
STU03296,Business,1.67,2,Full-time
STU02195,Arts,1.78,2,Full-time
STU02358,Science,1.67,2,Full-time
STU03426,Science,3.05,2,Full-time
STU03980,Business,2.57,1,Full-time
STU00912,Business,2.17,1,Part-time
STU03146,Science,2.42,4,Full-time
STU01000,Business,2.62,4,Full-time
STU03654,Science,1.93,4,Full-time
STU02484,Business,1.87,2,Part-time
STU04077,Engineering,2.57,1,Full-time
STU02371,Arts,3.13,1,Full-time
STU04839,Arts,1.6,2,Full-time
STU00034,Science,3.87,4,Full-time
STU03790,Science,3.95,1,Full-time
STU01021,Engineering,3.24,3,Full-time
STU01648,Business,3.57,4,Full-time
STU00734,Science,2.81,2,Full-time
STU04583,Arts,3.45,4,Full-time
STU03275,Arts,3.59,3,Full-time
STU01621,Engineering,2.66,1,Part-time
STU03136,Business,3.04,2,Part-time
STU02690,Science,2.51,4,Full-time
STU02708,Business,2.16,3,Full-time
STU00298,Science,2.04,1,Full-time
STU02340,Business,2.55,2,Full-time
STU00654,Science,3.36,4,Part-time
STU03775,Arts,3.15,1,Full-time
STU01256,Business,2.58,1,Part-time
STU04521,Engineering,3.65,3,Full-time
STU00231,Arts,3.49,3,Full-time
STU03277,Engineering,3.61,1,Full-time
STU03231,Arts,2.8,2,Full-time
STU00692,Business,2.56,1,Full-time
STU02755,Arts,3.79,3,Part-time
STU04864,Business,2.34,4,Full-time
STU00970,Science,2.69,3,Full-time
STU00634,Science,2.83,1,Full-time
STU04093,Engineering,2.7,4,Full-time
STU04078,Science,2.19,3,Part-time
STU01322,Science,1.9,1,Part-time
STU01832,Business,3.0,2,Full-time
STU02179,Arts,3.24,1,Full-time
STU01418,Science,1.81,2,Full-time
STU01783,Arts,2.65,3,Full-time
STU04716,Business,2.3,2,Full-time
STU04702,Science,1.68,2,Full-time
STU04119,Arts,1.86,2,Part-time
STU01653,Engineering,2.16,1,Full-time
STU01484,Business,1.51,3,Full-time
STU02276,Business,3.0,2,Full-time
STU00878,Science,3.15,2,Full-time
STU03526,Science,1.87,1,Full-time
STU02017,Engineering,2.37,2,Full-time
STU00427,Arts,2.6,1,Part-time
STU00627,Arts,2.66,4,Full-time
STU01590,Science,3.29,2,Full-time
STU02224,Business,2.1,3,Full-time
STU02218,Science,2.2,4,Full-time
STU04484,Business,2.93,4,Full-time
STU01486,Science,2.42,3,Full-time
STU01740,Business,2.54,4,Full-time
STU02481,Engineering,2.19,1,Full-time
STU02585,Engineering,2.96,3,Full-time
STU02894,Science,3.14,2,Full-time
STU00150,Science,2.2,1,Full-time
STU00677,Engineering,1.78,3,Full-time
STU01262,Science,3.49,2,Full-time
STU04918,Science,2.43,2,Full-time
STU00013,Engineering,3.58,4,Full-time
STU01834,Science,3.37,3,Full-time
STU03249,Engineering,3.68,4,Full-time
STU01492,Business,2.43,4,Full-time
STU02728,Business,2.07,3,Full-time
STU03687,Arts,3.82,2,Full-time
STU01425,Engineering,3.97,2,Full-time
STU04606,Science,3.74,1,Full-time
STU04596,Business,3.11,3,Full-time
STU00732,Business,3.54,3,Full-time
STU01232,Business,2.07,1,Full-time
STU01635,Arts,3.82,4,Full-time
STU03937,Engineering,2.54,2,Full-time
STU01211,Arts,2.57,1,Full-time
STU03269,Engineering,3.07,2,Full-time
STU01935,Arts,3.19,4,Full-time
STU00554,Science,2.9,1,Full-time
STU00492,Business,3.05,1,Full-time
STU02963,Arts,2.34,2,Part-time
STU02330,Science,1.63,4,Full-time
STU02196,Business,2.62,1,Full-time
STU03065,Engineering,3.12,4,Full-time
STU00658,Science,2.41,1,Full-time
STU02375,Arts,3.18,3,Full-time
STU02226,Science,2.67,4,Part-time
STU04265,Engineering,3.15,2,Full-time
STU01171,Arts,3.04,1,Part-time
STU00133,Engineering,1.8,4,Full-time
STU00472,Business,3.92,1,Full-time
STU03226,Science,3.73,1,Full-time
STU01406,Science,2.69,3,Full-time
STU02877,Engineering,2.74,3,Full-time
STU04505,Engineering,2.74,2,Full-time
STU04693,Engineering,2.36,1,Part-time
STU02827,Arts,3.32,1,Full-time
STU00288,Business,2.86,1,Part-time
STU01870,Science,3.31,2,Full-time
STU03115,Arts,2.0,3,Full-time
STU03626,Science,2.16,3,Full-time
STU02313,Engineering,2.73,1,Full-time
STU04924,Business,3.7,1,Full-time
STU01619,Arts,2.89,1,Part-time
STU00995,Arts,2.4,3,Full-time
STU01804,Business,2.24,3,Full-time
STU02643,Arts,3.45,1,Part-time
STU04803,Arts,3.77,3,Full-time
STU03536,Business,1.82,1,Part-time
STU04832,Business,3.35,3,Part-time
STU03912,Business,2.18,2,Full-time
STU02108,Business,3.77,2,Full-time
STU03045,Engineering,3.34,2,Part-time
STU00417,Engineering,2.23,1,Full-time
STU00978,Science,1.63,1,Full-time
STU02418,Science,1.6,4,Full-time
STU00506,Science,1.91,1,Full-time
STU04153,Engineering,3.28,4,Full-time
STU04256,Business,3.15,1,Full-time
STU03942,Science,3.74,2,Full-time
STU00415,Arts,3.08,3,Full-time
STU04149,Engineering,3.32,2,Full-time
STU01184,Business,3.83,1,Full-time
STU00486,Science,3.75,3,Full-time
STU00894,Science,2.49,1,Full-time
STU00806,Science,3.34,2,Full-time
STU00556,Business,2.51,3,Full-time
STU03826,Science,1.71,4,Full-time
STU01198,Science,3.92,2,Full-time
STU04254,Science,2.76,2,Full-time
STU04059,Arts,3.72,4,Full-time
STU01294,Science,3.22,1,Full-time
STU02222,Science,2.85,3,Full-time
STU03505,Engineering,3.74,1,Full-time
STU03655,Arts,1.58,2,Full-time
STU04759,Arts,2.65,1,Full-time
STU03007,Arts,3.77,3,Full-time
STU02094,Science,2.81,3,Full-time
STU02188,Business,3.42,1,Full-time
STU03037,Engineering,2.58,3,Full-time
STU03919,Arts,3.18,3,Full-time
STU01273,Engineering,3.45,3,Full-time
STU00291,Arts,1.58,1,Full-time
STU04828,Business,1.92,3,Full-time
STU00253,Engineering,3.63,2,Full-time
STU03246,Science,1.93,3,Full-time
STU00351,Arts,2.76,1,Full-time
STU01188,Business,1.67,4,Full-time
STU01962,Science,2.52,2,Full-time
STU00423,Arts,1.73,3,Full-time
STU00091,Arts,1.8,3,Full-time
STU03730,Science,2.99,4,Full-time
STU02237,Engineering,3.73,4,Full-time
STU00671,Arts,1.93,3,Full-time
STU03041,Engineering,1.95,3,Full-time
STU00027,Arts,2.0,3,Full-time
STU00430,Science,1.79,1,Full-time
STU00684,Business,3.17,4,Part-time
STU04464,Business,1.84,3,Full-time
STU03946,Science,1.54,2,Full-time
STU03524,Business,1.75,4,Full-time
STU01542,Science,1.77,2,Full-time
STU02032,Business,2.91,1,Part-time
STU02233,Engineering,3.76,4,Full-time
STU04121,Engineering,2.23,4,Full-time
STU03236,Business,2.09,3,Full-time
STU00255,Arts,1.92,1,Full-time
STU01030,Science,3.57,2,Full-time
STU04393,Engineering,3.11,1,Full-time
STU03801,Engineering,2.24,3,Full-time
STU04311,Arts,2.19,2,Part-time
STU02510,Science,3.73,4,Full-time
STU02293,Engineering,2.02,2,Full-time
STU01324,Business,2.05,1,Full-time
STU01551,Arts,3.88,1,Full-time
STU04648,Business,2.13,3,Full-time
STU00316,Business,3.24,2,Full-time
STU01243,Arts,3.43,3,Full-time
STU02451,Arts,2.18,2,Full-time
STU01579,Arts,3.02,2,Full-time
STU04626,Science,3.21,3,Part-time
STU03117,Engineering,3.35,1,Part-time
STU00070,Science,3.97,2,Full-time
STU00860,Business,1.66,3,Full-time
STU02754,Science,2.36,1,Full-time
STU01633,Engineering,3.16,4,Full-time
STU01651,Arts,1.59,1,Full-time
STU03861,Engineering,3.54,2,Full-time
STU03107,Arts,3.31,4,Full-time
STU01075,Arts,3.97,4,Part-time
STU04002,Science,3.51,1,Part-time
STU00788,Business,2.5,3,Full-time
STU02606,Science,2.78,3,Full-time
STU03631,Arts,3.38,1,Full-time
STU02122,Science,2.76,1,Full-time
STU01875,Arts,3.33,2,Full-time
STU00812,Business,3.6,3,Full-time
STU00388,Business,1.94,3,Full-time
STU02883,Arts,2.02,4,Full-time
STU01176,Business,2.85,2,Full-time
STU03198,Science,3.69,3,Full-time
STU02624,Business,3.77,2,Full-time
STU01352,Business,2.95,1,Full-time
STU00411,Arts,2.3,4,Part-time
STU04213,Engineering,2.86,2,Full-time
STU00110,Science,1.69,1,Full-time
STU04996,Business,3.74,1,Part-time
STU03430,Science,2.97,3,Part-time
STU02810,Science,3.3,4,Full-time
STU02595,Arts,1.86,3,Full-time
STU02837,Engineering,3.98,2,Full-time
STU02373,Engineering,3.23,2,Full-time
STU01236,Business,2.42,1,Part-time
STU02147,Arts,2.65,1,Full-time
STU04976,Business,2.62,4,Full-time
STU00600,Business,1.6,3,Full-time
STU01435,Arts,1.85,4,Full-time
STU04997,Engineering,1.8,4,Full-time
STU00539,Arts,2.63,2,Full-time
STU00722,Science,1.95,1,Full-time
STU04411,Arts,1.69,2,Part-time
STU01873,Engineering,2.76,3,Full-time
STU02846,Science,2.39,2,Full-time
STU02054,Science,3.86,4,Full-time
STU02908,Business,2.07,3,Full-time
STU02255,Arts,3.7,3,Full-time
STU03913,Engineering,1.52,4,Full-time
STU00178,Science,2.47,1,Part-time
STU02891,Arts,2.33,2,Part-time
STU03674,Science,1.78,2,Full-time
STU00081,Engineering,3.66,1,Full-time
STU02562,Science,3.27,1,Full-time
STU01724,Business,1.75,2,Full-time
STU01618,Science,3.15,4,Part-time
STU01655,Arts,1.72,3,Full-time
STU02329,Engineering,3.09,4,Full-time
STU04614,Science,1.77,3,Full-time
STU00222,Science,2.92,2,Part-time
STU00094,Science,2.9,2,Part-time
STU02610,Science,1.66,4,Full-time
STU03383,Arts,1.58,2,Full-time
STU04416,Business,2.72,3,Part-time
STU01398,Science,2.12,3,Full-time
STU04687,Arts,1.85,3,Full-time
STU01293,Engineering,2.92,2,Full-time
STU02165,Engineering,2.68,4,Full-time
STU02940,Business,1.61,3,Full-time
STU03669,Engineering,1.56,2,Full-time
STU00813,Engineering,1.81,4,Full-time
STU01259,Arts,1.66,3,Full-time
STU00890,Science,2.11,1,Full-time
STU01452,Business,3.04,1,Full-time
STU03317,Engineering,2.71,2,Part-time
STU02560,Business,2.75,3,Full-time
STU03575,Arts,3.72,4,Full-time
STU02681,Engineering,2.17,4,Full-time
STU04652,Business,3.29,2,Full-time
STU04812,Business,3.63,3,Full-time
STU04680,Business,3.08,3,Full-time
STU02965,Engineering,3.64,3,Full-time
STU02673,Engineering,3.28,4,Full-time
STU00562,Science,2.03,4,Full-time
STU02779,Arts,2.61,2,Full-time
STU02949,Engineering,2.42,2,Full-time
STU02818,Science,1.53,1,Full-time
STU02759,Arts,3.27,3,Part-time
STU01757,Engineering,3.9,3,Full-time
STU00725,Engineering,2.94,3,Full-time
STU00220,Business,3.62,2,Part-time
STU04140,Business,2.89,3,Full-time
STU03958,Science,2.55,4,Full-time
STU01589,Engineering,2.57,4,Full-time
STU03348,Business,2.01,4,Part-time
STU03971,Arts,3.93,3,Full-time
STU04708,Business,1.99,1,Full-time
STU00044,Business,3.77,3,Part-time
STU03002,Science,3.49,3,Full-time
STU00211,Arts,2.87,1,Full-time
STU00678,Science,2.49,1,Full-time
STU00355,Arts,1.68,4,Full-time
STU01434,Science,3.17,3,Full-time
STU00950,Science,2.99,1,Full-time
STU02844,Business,3.88,4,Full-time
STU00578,Science,3.82,1,Full-time
STU03929,Engineering,3.22,3,Full-time
STU00545,Engineering,3.05,4,Full-time
STU00368,Business,3.76,2,Full-time
STU01613,Engineering,2.83,2,Full-time
STU03551,Arts,3.51,4,Full-time
STU03717,Engineering,2.35,4,Full-time
STU03780,Business,3.75,3,Full-time
STU00136,Business,2.31,2,Full-time
STU04481,Engineering,1.9,4,Full-time
STU01438,Science,3.26,4,Part-time
STU00048,Business,2.8,2,Full-time
STU01361,Engineering,3.78,2,Full-time
STU00735,Arts,2.4,1,Full-time
STU01535,Arts,2.53,4,Full-time
STU02005,Engineering,2.18,1,Full-time
STU03796,Business,3.15,2,Full-time
STU02520,Business,3.31,4,Full-time
STU01973,Engineering,2.18,1,Part-time
STU00997,Engineering,3.79,4,Part-time
STU00062,Science,2.18,3,Full-time
STU01109,Engineering,3.24,3,Full-time
STU02406,Science,3.01,3,Full-time
STU00096,Business,2.73,2,Part-time
STU00479,Arts,3.92,3,Full-time
STU04360,Business,1.96,1,Full-time
STU04113,Engineering,1.67,1,Full-time
STU03708,Business,2.19,3,Full-time
STU01102,Science,3.92,3,Full-time
STU02747,Arts,2.95,4,Full-time
STU02171,Arts,3.22,4,Full-time
STU00323,Arts,3.15,1,Full-time
STU04255,Arts,1.9,1,Full-time
STU03143,Arts,2.96,4,Full-time
STU03538,Science,2.39,4,Full-time
STU04926,Science,2.14,3,Full-time
STU02925,Engineering,2.43,1,Full-time
STU01150,Science,3.67,3,Full-time
STU03618,Science,3.61,1,Full-time
STU00292,Business,1.59,1,Full-time
STU03750,Science,3.71,3,Part-time
STU03587,Arts,2.63,1,Part-time
STU00534,Science,2.89,1,Full-time
STU03608,Business,2.21,1,Full-time
STU02649,Engineering,2.58,2,Part-time
STU04811,Arts,1.92,4,Full-time
STU01984,Business,2.71,1,Full-time
STU02933,Engineering,1.7,4,Full-time
STU01537,Engineering,1.95,1,Full-time
STU04535,Arts,2.89,2,Part-time
STU04173,Engineering,2.61,4,Full-time
STU03361,Engineering,3.49,2,Part-time
STU03666,Science,2.6,4,Full-time
STU04006,Science,2.17,1,Full-time
STU03627,Arts,1.5,4,Full-time
STU00587,Arts,1.69,1,Part-time
STU03257,Engineering,3.23,2,Full-time
STU02299,Arts,1.77,3,Full-time
STU03989,Engineering,2.34,2,Full-time
STU00585,Engineering,3.08,1,Full-time
STU02424,Business,2.65,1,Full-time
STU01392,Business,1.68,4,Full-time
STU04526,Science,2.57,2,Full-time
STU04921,Engineering,3.88,1,Part-time
STU04801,Engineering,1.81,2,Part-time
STU03241,Engineering,2.54,4,Full-time
STU04282,Science,3.34,3,Full-time
STU03339,Arts,2.99,2,Full-time
STU03221,Engineering,2.79,3,Full-time
STU02112,Business,2.01,4,Full-time
STU01175,Arts,3.09,4,Full-time
STU04863,Arts,1.67,3,Full-time
STU03812,Business,2.64,2,Full-time
STU01868,Business,1.91,4,Full-time
STU02615,Arts,2.29,4,Full-time
STU03867,Arts,2.53,3,Full-time
STU04886,Science,3.71,2,Full-time
STU03779,Arts,3.14,2,Full-time
STU03847,Arts,3.93,4,Part-time
STU02417,Engineering,2.46,2,Full-time
STU00071,Arts,3.43,2,Full-time
STU04881,Engineering,2.01,2,Full-time
STU01127,Arts,1.72,4,Full-time
STU04025,Engineering,3.18,3,Full-time
STU03251,Arts,2.83,4,Full-time
STU03902,Science,2.45,1,Full-time
STU01096,Business,1.94,2,Full-time
STU04546,Science,3.53,4,Full-time
STU01213,Engineering,1.91,4,Full-time
STU03922,Science,2.5,2,Full-time
STU01426,Science,3.91,1,Full-time
STU03067,Arts,1.54,1,Part-time
STU04520,Business,1.56,1,Full-time
STU02101,Engineering,3.79,1,Full-time
STU00808,Business,3.81,2,Full-time
STU04744,Business,3.99,4,Part-time
STU03751,Arts,3.74,1,Full-time
STU01363,Arts,3.06,4,Part-time
STU02318,Science,2.49,4,Full-time
STU04582,Science,2.26,4,Full-time
STU04742,Science,1.78,2,Full-time
STU01026,Science,2.69,2,Full-time
STU03110,Science,3.03,1,Part-time
STU02111,Arts,1.85,3,Full-time
STU01042,Science,3.48,4,Full-time
STU01877,Engineering,2.98,3,Full-time
STU00882,Science,3.18,4,Full-time
STU04300,Business,2.99,4,Full-time
STU01193,Engineering,2.36,2,Full-time
STU04588,Business,1.83,1,Full-time
STU04511,Arts,1.94,2,Part-time
STU03671,Arts,2.09,2,Full-time
STU00625,Engineering,3.05,3,Full-time
STU02797,Engineering,1.68,3,Part-time
STU04292,Business,1.7,3,Full-time
STU04969,Engineering,3.89,4,Full-time
STU00234,Science,2.73,2,Full-time
STU04567,Arts,2.14,1,Full-time
STU01663,Arts,3.8,2,Full-time
STU00416,Business,2.62,1,Full-time
STU04247,Arts,2.13,4,Full-time
STU02174,Science,3.64,1,Full-time
STU01457,Engineering,3.22,4,Full-time
STU00747,Arts,2.46,3,Full-time
STU00018,Science,2.81,3,Full-time
STU01201,Engineering,3.4,4,Part-time
STU01700,Business,2.87,2,Full-time
STU03254,Science,1.79,2,Full-time
STU00597,Engineering,3.17,2,Full-time
STU03227,Arts,2.1,2,Full-time
STU04406,Science,3.21,2,Full-time
STU04720,Business,3.8,3,Full-time
STU01506,Science,2.5,1,Full-time
STU01413,Engineering,2.17,2,Part-time
STU01966,Science,2.97,4,Part-time
STU00372,Business,1.55,1,Full-time
STU01341,Engineering,2.14,3,Full-time
STU00599,Arts,1.98,3,Full-time
STU00239,Arts,3.11,2,Full-time
STU03401,Engineering,1.67,2,Full-time
STU02068,Business,2.15,1,Part-time
STU00811,Arts,3.96,4,Full-time
STU01095,Arts,2.08,3,Full-time
STU04325,Engineering,3.52,4,Full-time
STU04761,Engineering,2.71,1,Part-time
STU03677,Engineering,1.93,1,Full-time
STU03465,Engineering,1.95,1,Part-time
STU03104,Business,2.59,1,Part-time
STU02750,Science,3.09,1,Full-time
STU02296,Business,1.52,2,Full-time
STU04193,Engineering,2.75,2,Full-time
STU03709,Engineering,2.2,1,Full-time
STU03019,Arts,1.67,2,Full-time
STU04253,Engineering,2.35,4,Full-time
STU00804,Business,3.02,3,Full-time
STU04191,Arts,3.38,3,Full-time
STU03706,Science,3.71,3,Part-time
STU00752,Business,3.85,3,Part-time
STU04645,Engineering,3.26,1,Full-time
STU02532,Business,3.57,4,Part-time
STU00622,Science,2.02,3,Full-time
STU02298,Science,1.59,1,Full-time
STU03829,Engineering,3.6,3,Full-time
STU00567,Arts,2.48,1,Full-time
STU01136,Business,1.69,1,Full-time
STU01205,Engineering,2.72,2,Full-time
STU01048,Business,1.56,2,Full-time
STU00052,Business,3.44,3,Full-time
STU03652,Business,2.49,2,Full-time
STU01045,Engineering,3.71,4,Full-time
STU02182,Science,2.03,4,Full-time
STU02689,Engineering,2.73,4,Full-time
STU00535,Arts,3.42,2,Full-time
STU03185,Engineering,2.79,3,Full-time
STU03858,Science,2.88,4,Part-time
STU00444,Business,2.43,1,Full-time
STU03605,Engineering,2.05,2,Full-time
STU00196,Business,2.37,3,Full-time
STU01116,Business,2.95,4,Part-time
STU00766,Science,2.92,3,Full-time
STU01946,Science,2.79,3,Full-time
STU03248,Business,2.53,1,Part-time
STU03003,Arts,2.13,1,Full-time
STU01433,Engineering,2.72,4,Full-time
STU04201,Engineering,3.62,4,Full-time
STU03096,Business,3.18,2,Full-time
STU02923,Arts,3.54,4,Full-time
STU00645,Engineering,1.8,4,Part-time
STU01050,Science,1.55,1,Full-time
STU03746,Science,2.03,4,Full-time
STU04094,Science,3.82,4,Full-time
STU04404,Business,2.4,3,Full-time
STU00121,Engineering,3.52,3,Part-time
STU02053,Engineering,1.91,3,Full-time
STU04259,Arts,2.39,3,Part-time
STU04889,Engineering,1.56,2,Part-time
STU04335,Arts,2.45,2,Full-time
STU04692,Business,2.39,3,Full-time
STU00135,Arts,3.86,4,Full-time
STU02461,Engineering,3.98,3,Full-time
STU01955,Arts,4.0,1,Part-time
STU02464,Business,2.92,1,Full-time
STU00185,Engineering,2.14,2,Full-time
STU01393,Engineering,1.92,3,Part-time
STU02277,Engineering,3.36,3,Full-time
STU00512,Business,2.55,4,Full-time
STU04730,Science,1.92,4,Full-time
STU04055,Arts,3.45,2,Full-time
STU03138,Science,3.34,3,Full-time
STU02670,Science,2.29,2,Full-time
STU04774,Science,3.55,2,Full-time
STU04862,Science,3.52,1,Full-time
STU02118,Science,3.04,1,Part-time
STU00252,Business,2.46,2,Full-time
STU03527,Arts,3.93,3,Full-time
STU03560,Business,2.65,3,Full-time
STU04012,Business,2.48,3,Full-time
STU01508,Business,2.83,3,Full-time
STU00123,Arts,2.3,4,Full-time
STU04260,Business,2.5,2,Full-time
STU03334,Science,1.99,4,Full-time
STU01872,Business,2.03,3,Full-time
STU03693,Engineering,3.44,2,Full-time
STU00568,Business,2.59,2,Full-time
STU01372,Business,1.95,4,Full-time
STU03186,Science,2.84,3,Full-time
STU03956,Business,3.67,4,Full-time
STU01057,Engineering,3.42,2,Full-time
STU00857,Engineering,1.59,2,Full-time
STU03839,Arts,3.83,3,Part-time
STU02861,Engineering,3.67,2,Part-time
STU04770,Science,2.36,2,Full-time
STU00777,Engineering,2.07,3,Full-time
STU00721,Engineering,3.85,4,Part-time
STU02711,Arts,3.43,4,Part-time
STU02655,Arts,3.42,3,Full-time
STU04878,Science,3.24,4,Full-time
STU00603,Arts,1.94,1,Full-time
STU03823,Arts,3.51,1,Full-time
STU01245,Engineering,3.4,3,Full-time
STU04846,Science,2.48,4,Full-time
STU04842,Science,3.88,3,Full-time
STU00319,Arts,1.89,3,Part-time
STU00829,Engineering,3.34,4,Part-time
STU03264,Business,1.55,3,Full-time
STU00275,Arts,2.78,2,Full-time
STU02665,Engineering,3.02,2,Part-time
STU00550,Science,3.43,4,Full-time
STU03642,Science,3.77,4,Part-time
STU04054,Science,2.89,4,Full-time
STU04893,Engineering,3.02,1,Full-time
STU02935,Arts,3.27,3,Part-time
STU00606,Science,2.65,4,Full-time
STU00897,Engineering,2.23,4,Full-time
STU00528,Business,2.18,3,Full-time
STU04608,Business,1.96,1,Full-time
STU02348,Business,2.4,3,Full-time
STU03440,Business,3.82,4,Full-time
STU04999,Arts,3.54,4,Full-time
STU04827,Arts,3.23,1,Full-time
STU03923,Arts,3.46,1,Part-time
STU00299,Arts,3.06,1,Full-time
STU02120,Business,3.71,4,Full-time
STU02537,Engineering,3.35,4,Part-time
STU04204,Business,3.91,2,Full-time
STU03255,Arts,2.34,3,Full-time
STU03726,Science,3.82,3,Full-time
STU01261,Engineering,2.17,2,Full-time
STU01559,Arts,3.6,4,Full-time
STU03270,Science,3.22,4,Full-time
STU04047,Arts,2.33,1,Full-time
STU00757,Engineering,3.05,4,Full-time
STU01011,Arts,2.05,1,Full-time
STU02795,Arts,2.59,4,Full-time
STU02906,Science,1.64,2,Full-time
STU01871,Arts,3.54,4,Full-time
STU02230,Science,2.25,1,Full-time
STU01174,Science,2.15,2,Full-time
STU01833,Engineering,2.96,4,Full-time
STU00377,Engineering,3.61,2,Full-time
STU03854,Science,3.85,4,Full-time
STU03617,Engineering,2.89,1,Part-time
STU00799,Arts,3.24,3,Full-time
STU00379,Arts,3.54,4,Full-time
STU01159,Arts,3.68,2,Full-time
STU03820,Business,2.69,2,Part-time
STU02793,Engineering,2.92,2,Full-time
STU02241,Engineering,3.49,3,Full-time
STU04036,Business,3.97,3,Part-time
STU02663,Arts,2.04,3,Full-time
STU04013,Engineering,3.24,3,Part-time
STU02958,Science,3.65,4,Full-time
STU03928,Business,3.15,2,Full-time
STU01039,Arts,1.66,4,Full-time
STU03260,Business,3.74,3,Full-time
STU01345,Engineering,3.36,1,Full-time
STU02506,Science,1.77,3,Part-time
STU01722,Science,1.8,3,Full-time
STU04664,Business,3.57,3,Full-time
STU00176,Business,1.94,2,Full-time
STU04894,Science,2.1,1,Part-time
STU01910,Science,1.87,1,Full-time
STU00046,Science,3.16,3,Full-time
STU03410,Science,1.6,2,Full-time
STU04675,Arts,2.52,3,Full-time
STU01076,Business,2.57,2,Full-time
STU02830,Science,1.57,3,Part-time
STU01505,Engineering,2.45,3,Full-time
STU02310,Science,2.36,3,Full-time
STU01437,Engineering,2.27,2,Full-time
STU02419,Arts,1.58,4,Full-time
STU03987,Arts,1.74,2,Full-time
STU03099,Arts,1.52,4,Full-time
STU04589,Engineering,3.18,4,Full-time
STU00284,Business,1.73,3,Full-time
STU04919,Arts,3.4,3,Full-time
STU00843,Arts,1.95,2,Full-time
STU01514,Science,1.55,1,Full-time
STU01169,Engineering,1.52,4,Full-time
STU01593,Engineering,1.82,2,Full-time
STU03461,Engineering,2.19,4,Full-time
STU03166,Science,2.73,2,Full-time
STU02285,Engineering,1.85,3,Full-time
STU03576,Business,2.43,2,Full-time
STU04871,Arts,2.46,3,Full-time
STU02306,Science,2.49,3,Full-time
STU00953,Engineering,1.94,4,Full-time
STU04943,Arts,3.62,2,Part-time
STU03054,Science,2.22,4,Full-time
STU04560,Business,3.99,1,Full-time
STU02686,Science,1.55,2,Full-time
STU01490,Science,2.62,2,Full-time
STU00928,Business,2.85,3,Part-time
STU01210,Science,3.99,4,Full-time
STU03974,Science,3.27,1,Full-time
STU03546,Science,1.89,4,Full-time
STU04362,Science,3.01,4,Full-time
STU01922,Science,1.51,3,Full-time
STU00352,Business,3.64,4,Full-time
STU04899,Arts,1.72,3,Full-time
STU03394,Science,2.31,1,Full-time
STU02722,Science,3.46,1,Full-time
STU04982,Science,2.11,3,Part-time
STU00719,Arts,1.81,4,Full-time
STU02703,Arts,1.81,4,Full-time
STU02723,Arts,3.45,4,Part-time
STU04562,Science,2.22,1,Full-time
STU00309,Engineering,3.49,4,Full-time
STU01676,Business,2.26,4,Full-time
STU00834,Science,1.94,3,Full-time
STU00367,Arts,3.9,2,Full-time
STU04507,Arts,3.34,2,Full-time
STU02079,Arts,3.96,3,Full-time
STU04039,Arts,3.15,4,Full-time
STU04847,Arts,3.87,1,Full-time
STU04480,Business,2.94,2,Full-time
STU01747,Arts,1.55,1,Full-time
STU00020,Business,2.23,3,Full-time
STU01323,Arts,3.68,2,Full-time
STU03568,Business,3.17,4,Full-time
STU02522,Science,1.84,3,Full-time
STU00219,Arts,3.12,3,Full-time
STU01488,Business,3.24,1,Part-time
STU00439,Arts,3.27,4,Full-time
STU04175,Arts,3.68,3,Full-time
STU02751,Arts,2.47,1,Full-time
STU03289,Engineering,3.75,3,Full-time
STU03434,Science,2.61,4,Full-time
STU02526,Science,2.2,1,Full-time
STU04651,Arts,1.63,3,Full-time
STU03689,Engineering,1.67,1,Full-time
STU02764,Business,2.62,3,Part-time
STU00803,Arts,2.94,3,Full-time
STU02998,Science,2.27,2,Full-time
STU02229,Engineering,2.24,2,Full-time
STU04786,Science,2.44,2,Full-time
STU02078,Science,2.63,2,Full-time
STU00583,Arts,2.73,1,Full-time
STU00204,Business,3.75,1,Full-time
STU04347,Arts,3.5,3,Part-time
STU03479,Arts,2.72,2,Full-time
STU02930,Science,2.48,4,Full-time
STU03086,Science,3.2,1,Full-time
STU01019,Arts,3.79,1,Full-time
STU01584,Business,2.74,1,Full-time
STU01033,Engineering,2.08,2,Full-time
STU01719,Arts,3.96,2,Full-time
STU01282,Science,3.26,3,Part-time
STU02499,Arts,3.95,4,Full-time
STU03351,Arts,2.04,1,Full-time
STU00518,Science,3.53,4,Full-time
STU01748,Business,2.15,1,Full-time
STU04653,Engineering,2.69,2,Full-time
STU03733,Engineering,2.62,1,Full-time
STU00669,Engineering,1.97,3,Full-time
STU04060,Business,3.98,3,Full-time
STU03027,Arts,3.86,3,Full-time
STU04933,Engineering,3.9,1,Part-time
STU03287,Arts,2.47,3,Full-time
STU02651,Arts,2.02,2,Part-time
STU04454,Science,3.51,2,Full-time
STU03193,Engineering,3.88,2,Part-time
STU02125,Engineering,3.96,1,Full-time
STU03376,Business,3.45,1,Full-time
STU03393,Engineering,3.72,3,Full-time
STU03486,Science,2.98,3,Full-time
STU00760,Business,3.47,1,Full-time
STU03380,Business,3.25,2,Part-time
STU04441,Engineering,3.69,1,Full-time
STU02527,Arts,2.03,1,Part-time
STU04859,Arts,3.79,4,Full-time
STU00908,Business,2.35,4,Full-time
STU02684,Business,2.45,4,Full-time
STU00215,Arts,3.28,2,Full-time
STU03332,Business,3.36,4,Full-time
STU04459,Arts,2.54,2,Full-time
STU00694,Science,2.11,3,Full-time
STU01504,Business,2.35,2,Full-time
STU02415,Arts,2.76,2,Full-time
STU02119,Arts,1.71,3,Full-time
STU03859,Arts,2.51,4,Full-time
STU02463,Arts,3.06,4,Full-time
STU03636,Business,2.72,2,Full-time
STU04106,Science,3.16,3,Full-time
STU04479,Arts,2.98,3,Full-time
STU00197,Engineering,3.31,1,Full-time
STU04668,Business,3.6,1,Full-time
STU01544,Business,2.14,1,Full-time
STU01331,Arts,2.89,2,Full-time
STU00880,Business,2.05,1,Full-time
STU04503,Arts,2.22,1,Full-time
STU03502,Science,3.51,2,Full-time
STU03895,Arts,3.33,1,Full-time
STU04991,Arts,3.94,4,Full-time
STU00888,Business,2.1,3,Full-time
STU01346,Science,2.56,1,Full-time
STU00069,Engineering,1.69,1,Full-time
STU04211,Arts,1.76,3,Part-time
STU01816,Business,3.92,3,Full-time
STU00569,Engineering,3.76,2,Full-time
STU02168,Business,1.82,4,Full-time
STU00097,Engineering,2.81,3,Full-time
STU04182,Science,3.18,1,Full-time
STU03354,Science,2.77,1,Full-time
STU00140,Business,3.93,2,Full-time
STU04955,Arts,2.63,2,Full-time
STU02603,Arts,3.37,4,Part-time
STU04024,Business,3.57,1,Full-time
STU04773,Engineering,2.09,1,Part-time
STU01607,Arts,1.67,3,Full-time
STU01630,Science,2.63,2,Part-time
STU01540,Business,2.81,1,Full-time
STU01695,Arts,2.42,3,Full-time
STU02060,Business,2.86,2,Full-time
STU00464,Business,2.96,4,Full-time
STU02331,Arts,2.14,2,Full-time
STU03044,Business,2.51,1,Full-time
STU04735,Arts,2.58,1,Full-time
STU00595,Arts,3.74,1,Full-time
STU03815,Arts,2.13,1,Part-time
STU00626,Science,2.42,4,Full-time
STU00451,Arts,3.44,3,Part-time
STU01500,Business,3.66,2,Part-time
STU02457,Engineering,2.61,2,Full-time
STU04723,Arts,2.01,1,Full-time
STU02985,Engineering,2.87,2,Full-time
STU01570,Science,2.63,2,Full-time
STU01035,Arts,1.69,2,Full-time
STU03519,Arts,1.68,4,Full-time
STU01558,Science,2.53,3,Full-time
STU03625,Engineering,2.12,1,Full-time
STU04665,Engineering,3.57,1,Full-time
STU00151,Arts,3.77,4,Full-time
STU01421,Engineering,2.29,3,Full-time
STU02012,Business,1.66,3,Full-time
STU02687,Arts,1.81,3,Full-time
STU01787,Arts,3.09,2,Full-time
STU00089,Engineering,3.72,3,Full-time
STU00458,Science,2.67,2,Full-time
STU01306,Science,3.68,2,Full-time
STU02926,Science,3.75,3,Full-time
STU03271,Arts,2.13,4,Full-time
STU03228,Business,2.39,1,Full-time
STU01989,Engineering,2.59,2,Full-time
STU03755,Arts,2.18,4,Full-time
STU03647,Arts,2.72,2,Full-time
STU00832,Business,2.63,1,Full-time
STU00240,Business,1.94,4,Full-time
STU04682,Science,2.12,4,Part-time
STU03023,Arts,3.21,4,Part-time
STU03149,Engineering,3.47,1,Part-time
STU01947,Arts,2.6,2,Part-time
STU02776,Business,2.58,3,Full-time
STU00193,Engineering,3.75,1,Full-time
STU04850,Science,1.77,1,Full-time
STU04940,Business,3.53,1,Full-time
STU00945,Engineering,2.02,3,Full-time
STU01269,Engineering,3.0,2,Full-time
STU04232,Business,2.89,4,Full-time
STU02308,Business,3.04,4,Full-time
STU04425,Engineering,2.29,4,Full-time
STU04712,Business,2.65,3,Full-time
STU02314,Science,3.26,2,Full-time
STU03215,Arts,2.07,2,Part-time
STU02733,Engineering,1.64,3,Part-time
STU01927,Arts,2.97,4,Full-time
